Suite/Test/Step Name,Browser,Description,Tag,Start time,End time,Duration,Status
TS_NiepoprawnaRejestracjaUzytkownika,Chrome 87.0.4280.88,,,2021-01-08 22:32:08,2021-01-08 22:32:30,21.769s,ERROR
,,,,,,,
Test Cases/Rejestracja Użytkownika/Niepoprawna rejestracja użytkownika,Chrome 87.0.4280.88,,,2021-01-08 22:32:08,2021-01-08 22:32:30,21.534s,ERROR
"openBrowser("""")",Chrome 87.0.4280.88,,,2021-01-08 22:32:08,2021-01-08 22:32:12,3.848s,PASSED
openBrowser(rawUrl = url),Chrome 87.0.4280.88,,,2021-01-08 22:32:12,2021-01-08 22:32:25,12.643s,PASSED
"click(findTestObject(""Object Repository/PHPTRAVELS_Main/MyAccount""))",Chrome 87.0.4280.88,,,2021-01-08 22:32:25,2021-01-08 22:32:25,0.335s,PASSED
"click(findTestObject(""Object Repository/PHPTRAVELS_Main/SignUp""))",Chrome 87.0.4280.88,,,2021-01-08 22:32:25,2021-01-08 22:32:27,1.759s,PASSED
"setText(findTestObject(""Object Repository/PHPTRAVELS_Register/Firstname""), FirstName2)",Chrome 87.0.4280.88,,,2021-01-08 22:32:27,2021-01-08 22:32:28,0.569s,PASSED
"setText(findTestObject(""Object Repository/PHPTRAVELS_Register/Lastname""), LastName2)",Chrome 87.0.4280.88,,,2021-01-08 22:32:28,2021-01-08 22:32:28,0.543s,PASSED
"setText(findTestObject(""Object Repository/PHPTRAVELS_Register/Phone""), Phone2)",Chrome 87.0.4280.88,,,2021-01-08 22:32:28,2021-01-08 22:32:29,0.559s,PASSED
"setText(findTestObject(""Object Repository/PHPTRAVELS_Register/Email""), Email2)",Chrome 87.0.4280.88,,,2021-01-08 22:32:29,2021-01-08 22:32:29,0.544s,PASSED
"setEncryptedText(findTestObject(""Object Repository/PHPTRAVELS_Register/Password""), Password2)",Chrome 87.0.4280.88,,,2021-01-08 22:32:29,2021-01-08 22:32:30,0.345s,PASSED
"setEncryptedText(findTestObject(""Object Repository/PHPTRAVELS_Register/ConfirmPassword""), ConfirmPassword2)",Chrome 87.0.4280.88,,,2021-01-08 22:32:30,2021-01-08 22:32:30,0.031s,PASSED
