Suite/Test/Step Name,Browser,Description,Tag,Start time,End time,Duration,Status
TS_NiepoprawnaRejestracjaUzytkownika,Chrome 87.0.4280.88,,,2021-01-08 22:35:16,2021-01-08 22:35:37,21.641s,PASSED
,,,,,,,
Test Cases/Rejestracja Użytkownika/Niepoprawna rejestracja użytkownika,Chrome 87.0.4280.88,,,2021-01-08 22:35:16,2021-01-08 22:35:37,21.410s,PASSED
"openBrowser("""")",Chrome 87.0.4280.88,,,2021-01-08 22:35:16,2021-01-08 22:35:20,3.936s,PASSED
openBrowser(rawUrl = url),Chrome 87.0.4280.88,,,2021-01-08 22:35:20,2021-01-08 22:35:32,11.571s,PASSED
"click(findTestObject(""Object Repository/PHPTRAVELS_Main/MyAccount""))",Chrome 87.0.4280.88,,,2021-01-08 22:35:32,2021-01-08 22:35:32,0.326s,PASSED
"click(findTestObject(""Object Repository/PHPTRAVELS_Main/SignUp""))",Chrome 87.0.4280.88,,,2021-01-08 22:35:32,2021-01-08 22:35:34,2.002s,PASSED
"setText(findTestObject(""Object Repository/PHPTRAVELS_Register/Firstname""), FirstName2)",Chrome 87.0.4280.88,,,2021-01-08 22:35:34,2021-01-08 22:35:35,0.655s,PASSED
"setText(findTestObject(""Object Repository/PHPTRAVELS_Register/Lastname""), LastName2)",Chrome 87.0.4280.88,,,2021-01-08 22:35:35,2021-01-08 22:35:35,0.554s,PASSED
"setText(findTestObject(""Object Repository/PHPTRAVELS_Register/Phone""), Phone2)",Chrome 87.0.4280.88,,,2021-01-08 22:35:35,2021-01-08 22:35:36,0.561s,PASSED
"setText(findTestObject(""Object Repository/PHPTRAVELS_Register/Email""), Email2)",Chrome 87.0.4280.88,,,2021-01-08 22:35:36,2021-01-08 22:35:36,0.545s,PASSED
"setEncryptedText(findTestObject(""Object Repository/PHPTRAVELS_Register/Password""), Password2)",Chrome 87.0.4280.88,,,2021-01-08 22:35:36,2021-01-08 22:35:37,0.345s,PASSED
"setEncryptedText(findTestObject(""Object Repository/PHPTRAVELS_Register/ConfirmPassword""), ConfirmPassword2)",Chrome 87.0.4280.88,,,2021-01-08 22:35:37,2021-01-08 22:35:37,0.318s,PASSED
"click(findTestObject(""Object Repository/PHPTRAVELS_Register/Button_SignUp""))",Chrome 87.0.4280.88,,,2021-01-08 22:35:37,2021-01-08 22:35:37,0.291s,PASSED
