Suite/Test/Step Name,Browser,Description,Tag,Start time,End time,Duration,Status
TS_PoprawnaRejestracjaUzytkownika,Chrome 87.0.4280.88,,,2021-01-08 22:18:08,2021-01-08 22:18:26,18.682s,PASSED
,,,,,,,
Test Cases/Rejestracja Użytkownika/Poprawna rejestracja użytkownika,Chrome 87.0.4280.88,,,2021-01-08 22:18:08,2021-01-08 22:18:26,18.443s,PASSED
"openBrowser("""")",Chrome 87.0.4280.88,,,2021-01-08 22:18:08,2021-01-08 22:18:12,3.929s,PASSED
openBrowser(rawUrl = url),Chrome 87.0.4280.88,,,2021-01-08 22:18:12,2021-01-08 22:18:21,8.531s,PASSED
"click(findTestObject(""Object Repository/PHPTRAVELS_Main/MyAccount""))",Chrome 87.0.4280.88,,,2021-01-08 22:18:21,2021-01-08 22:18:21,0.335s,PASSED
"click(findTestObject(""Object Repository/PHPTRAVELS_Main/SignUp""))",Chrome 87.0.4280.88,,,2021-01-08 22:18:21,2021-01-08 22:18:23,2.049s,PASSED
"setText(findTestObject(""Object Repository/PHPTRAVELS_Register/Firstname""), FirstName)",Chrome 87.0.4280.88,,,2021-01-08 22:18:23,2021-01-08 22:18:24,0.650s,PASSED
"setText(findTestObject(""Object Repository/PHPTRAVELS_Register/Lastname""), LastName)",Chrome 87.0.4280.88,,,2021-01-08 22:18:24,2021-01-08 22:18:24,0.537s,PASSED
"setText(findTestObject(""Object Repository/PHPTRAVELS_Register/Phone""), Phone)",Chrome 87.0.4280.88,,,2021-01-08 22:18:24,2021-01-08 22:18:25,0.552s,PASSED
"setText(findTestObject(""Object Repository/PHPTRAVELS_Register/Email""), Email)",Chrome 87.0.4280.88,,,2021-01-08 22:18:25,2021-01-08 22:18:25,0.553s,PASSED
"setEncryptedText(findTestObject(""Object Repository/PHPTRAVELS_Register/Password""), Password)",Chrome 87.0.4280.88,,,2021-01-08 22:18:25,2021-01-08 22:18:26,0.347s,PASSED
"setEncryptedText(findTestObject(""Object Repository/PHPTRAVELS_Register/ConfirmPassword""), ConfirmPassword)",Chrome 87.0.4280.88,,,2021-01-08 22:18:26,2021-01-08 22:18:26,0.319s,PASSED
"click(findTestObject(""Object Repository/PHPTRAVELS_Register/Button_SignUp""))",Chrome 87.0.4280.88,,,2021-01-08 22:18:26,2021-01-08 22:18:26,0.290s,PASSED
