Suite/Test/Step Name,Browser,Description,Tag,Start time,End time,Duration,Status
TS_RejestracjaUżytkownikaZNiepoprawnymNumeremTelefonu,Chrome 87.0.4280.88,,,2021-01-08 22:45:42,2021-01-08 22:46:02,20.526s,PASSED
,,,,,,,
Test Cases/Rejestracja Użytkownika/Rejestracja użytkownika z nieprawnym numerem telefonu,Chrome 87.0.4280.88,,,2021-01-08 22:45:42,2021-01-08 22:46:02,20.284s,PASSED
"openBrowser("""")",Chrome 87.0.4280.88,,,2021-01-08 22:45:42,2021-01-08 22:45:46,3.945s,PASSED
openBrowser(rawUrl = url),Chrome 87.0.4280.88,,,2021-01-08 22:45:46,2021-01-08 22:45:57,10.585s,PASSED
"click(findTestObject(""Object Repository/PHPTRAVELS_Main/MyAccount""))",Chrome 87.0.4280.88,,,2021-01-08 22:45:57,2021-01-08 22:45:57,0.361s,PASSED
"click(findTestObject(""Object Repository/PHPTRAVELS_Main/SignUp""))",Chrome 87.0.4280.88,,,2021-01-08 22:45:57,2021-01-08 22:45:59,1.852s,PASSED
"setText(findTestObject(""Object Repository/PHPTRAVELS_Register/Firstname""), FirstName3)",Chrome 87.0.4280.88,,,2021-01-08 22:45:59,2021-01-08 22:46:00,0.661s,PASSED
"setText(findTestObject(""Object Repository/PHPTRAVELS_Register/Lastname""), LastName3)",Chrome 87.0.4280.88,,,2021-01-08 22:46:00,2021-01-08 22:46:00,0.545s,PASSED
"setText(findTestObject(""Object Repository/PHPTRAVELS_Register/Phone""), Phone3)",Chrome 87.0.4280.88,,,2021-01-08 22:46:00,2021-01-08 22:46:01,0.540s,PASSED
"setText(findTestObject(""Object Repository/PHPTRAVELS_Register/Email""), Email3)",Chrome 87.0.4280.88,,,2021-01-08 22:46:01,2021-01-08 22:46:01,0.555s,PASSED
"setEncryptedText(findTestObject(""Object Repository/PHPTRAVELS_Register/Password""), Password3)",Chrome 87.0.4280.88,,,2021-01-08 22:46:01,2021-01-08 22:46:02,0.345s,PASSED
"setEncryptedText(findTestObject(""Object Repository/PHPTRAVELS_Register/ConfirmPassword""), ConfirmPassword3)",Chrome 87.0.4280.88,,,2021-01-08 22:46:02,2021-01-08 22:46:02,0.313s,PASSED
"click(findTestObject(""Object Repository/PHPTRAVELS_Register/Button_SignUp""))",Chrome 87.0.4280.88,,,2021-01-08 22:46:02,2021-01-08 22:46:02,0.293s,PASSED
